id,startBlock,endBlock
1,16083151,16089797
3,16096443,16103089
6,16116381,16123027
11,16149611,16156257
13,16162903,16169549
14,16169549,16176195
15,16176195,16182841
16,16182841,16189487
17,16189487,16196133
18,16196133,16202779
19,16202779,16209425
20,16209425,16216071
21,16216071,16222717
22,16222717,16229363
23,16229363,16236009
24,16236009,16242655
25,16242655,16249301
26,16249301,16255947
27,16255947,16262593
28,16262593,16269239
29,16269239,16275885
30,16275885,16282531
31,16282531,16289177
32,16289177,16295823
33,16295823,16302469
34,16302469,16309115
35,16309115,16315761
36,16315761,16322407
37,16322407,16329053
38,16329053,16335699
39,16335699,16342345
40,16342345,16348991
41,16348991,16355637
42,16355637,16362283
43,16362283,16368929
44,16368929,16375575
45,16375575,16382221
46,16382221,16388867
47,16388867,16395513
48,16395513,16402159
49,16402159,16408805
50,16408805,16415451
51,16415451,16422097
52,16422097,16428743
53,16428743,16435389
54,16435389,16442035
55,16442035,16448681
56,16448681,16455327
57,16455327,16461973
58,16461973,16468619
59,16468619,16475265
60,16475265,16481911
61,16481911,16488557
62,16488557,16495203
63,16495203,16501849
64,16501849,16508495
65,16508495,16515141
66,16515141,16521787
67,16521787,16528433
68,16528433,16535079
69,16535079,16541725
70,16541725,16548371
71,16548371,16555017
72,16555017,16561663
73,16561663,16568309
74,16568309,16574955
75,16574955,16581601
76,16581601,16588247
77,16588247,16594893
78,16594893,16601539
79,16601539,16608185
80,16608185,16614831
81,16614831,16621477
82,16621477,16628123
83,16628123,16634769
84,16634769,16641415
85,16641415,16648061
86,16648061,16654707
87,16654707,16661353
88,16661353,16667999
89,16667999,16674645
90,16674645,16681291
91,16681291,16687937
92,16687937,16695137
93,16695137,16702337
94,16702337,16709537
95,16709537,16716737
96,16716737,16723937
97,16723937,16731137
98,16731137,16738337
99,16738337,16745537
100,16745537,16752737
101,16752737,16759937
102,16759937,16767137
103,16767137,16774337
104,16774337,16781537
105,16781537,16788737
106,16788737,16795937
107,16795937,16803137
108,16803137,16810337
109,16810337,16817537
110,16817537,16824737
111,16824737,16831937
112,16831937,16839137
113,16839137,16846337
114,16846337,16853537
115,16853537,16860737
116,16860737,16867937
117,16867937,16875137
118,16875137,16882337
119,16882337,16889537
120,16889537,16896737
121,16896737,16903937
122,16903937,16911137
123,16911137,16918337
124,16918337,16925537
125,16925537,16932737
126,16932737,16939937
127,16939937,16947137
128,16947137,16954337
129,16954337,16961537
130,16961537,16968737
131,16968737,16975937
132,16975937,16983137
133,16983137,16990337
134,16990337,16997537
135,16997537,17004737
136,17004737,17011937
137,17011937,17019137
138,17019137,17026337
139,17026337,17033537
140,17033537,17040737
141,17040737,17047937
142,17047937,17055137
143,17055137,17062337
144,17062337,17069537
145,17069537,17076737
146,17076737,17083937
147,17083937,17091137
148,17091137,17098337
149,17098337,17105537
150,17105537,17112737
151,17112737,17119937
152,17119937,17127137
153,17127137,17134337
154,17134337,17141537
155,17141537,17148737
156,17148737,17155937
157,17155937,17163137
158,17163137,17170337
159,17170337,17177537
160,17177537,17184737
161,17184737,17191937
162,17191937,17199137
163,17199137,17206337
164,17206337,17213537
165,17213537,17220737
166,17220737,17227937
167,17227937,17235137
168,17235137,17242337
169,17242337,17249537
170,17249537,17256737
171,17256737,17263937
172,17263937,17271137
173,17271137,17278337
174,17278337,17285537
175,17285537,17292737
176,17292737,17299937
177,17299937,17307137
178,17307137,17314337
179,17314337,17321537
180,17321537,17328737
181,17328737,17335937
182,17335937,17343137
183,17343137,17350337
184,17350337,17357537
185,17357537,17364737
186,17364737,17371937
187,17371937,17379137
188,17379137,17386337
189,17386337,17393537
190,17393537,17400737
191,17400737,17407937
192,17407937,17415137
193,17415137,17422337
194,17422337,17429537
195,17429537,17436737
196,17436737,17443937
197,17443937,17451137
198,17451137,17458337
199,17458337,17465537
200,17465537,17472737
201,17472737,17479937
202,17479937,17487137
203,17487137,17494337
204,17494337,17501537
205,17501537,17508737
206,17508737,17515937
207,17515937,17523137
208,17523137,17530337
209,17530337,17537537
210,17537537,17544737
211,17544737,17551937
212,17551937,17559137
213,17559137,17566337
214,17566337,17573537
215,17573537,17580737
216,17580737,17587937
217,17587937,17595137
218,17595137,17602337
219,17602337,17609537
220,17609537,17616737
221,17616737,17623937
222,17623937,17631137
223,17631137,17638337
224,17638337,17645537
225,17645537,17652737
226,17652737,17659937
227,17659937,17667137
228,17667137,17674337
229,17674337,17681537
230,17681537,17688737
231,17688737,17695937
232,17695937,17703137
233,17703137,17710337
234,17710337,17717537
235,17717537,17724737
236,17724737,17731937
237,17731937,17739137
238,17739137,17746337
239,17746337,17753537
240,17753537,17760737
241,17760737,17767937
242,17767937,17775137
243,17775137,17782337
244,17782337,17789537
245,17789537,17796737
246,17796737,17803937
247,17803937,17811137
248,17811137,17818337
249,17818337,17825537
250,17825537,17832737
251,17832737,17839937
252,17839937,17847137
253,17847137,17854337
254,17854337,17861537
255,17861537,17868737
256,17868737,17875937
257,17875937,17883137
258,17883137,17890337
259,17890337,17897537
260,17897537,17904737
261,17904737,17911937
262,17911937,17919137
263,17919137,17926337
264,17926337,17933537
265,17933537,17940737
266,17940737,17947937
267,17947937,17955137
268,17955137,17962337
269,17962337,17969537
270,17969537,17976737
271,17976737,17983937
272,17983937,17991137
273,17991137,17998337
274,17998337,18005537
275,18005537,18012737
276,18012737,18019937
277,18019937,18027137
278,18027137,18034337
279,18034337,18041537
280,18041537,18048737
281,18048737,18055937
282,18055937,18063137
283,18063137,18070337
284,18070337,18077537
285,18077537,18084737
286,18084737,18091937
287,18091937,18099137
288,18099137,18106337
289,18106337,18113537
290,18113537,18120737
291,18120737,18127937
292,18127937,18135137
293,18135137,18142337
294,18142337,18149537
295,18149537,18156737
296,18156737,18163937
297,18163937,18171137
298,18171137,18178337
299,18178337,18185537
300,18185537,18192737
301,18192737,18199937
302,18199937,18207137
303,18207137,18214337
304,18214337,18221537
305,18221537,18228737
306,18228737,18235937
307,18235937,18243137
308,18243137,18250337
309,18250337,18257537
310,18257537,18264737
311,18264737,18271937
312,18271937,18279137
313,18279137,18286337
314,18286337,18293537
315,18293537,18300737
316,18300737,18307937
317,18307937,18315137
318,18315137,18322337
319,18322337,18329537
320,18329537,18336737
321,18336737,18343937
322,18343937,18351137
323,18351137,18358337
324,18358337,18365537
325,18365537,18372737
326,18372737,18379937
327,18379937,18387137
328,18387137,18394337
329,18394337,18401537
330,18401537,18408737
331,18408737,18415937
332,18415937,18423137
333,18423137,18430337
334,18430337,18437537
335,18437537,18444737
336,18444737,18451937
337,18451937,18459137
338,18459137,18466337
339,18466337,18473537
340,18473537,18480737
341,18480737,18487937
342,18487937,18495137
343,18495137,18502337
344,18502337,18509537
345,18509537,18516737
346,18516737,18523937
347,18523937,18531137
348,18531137,18538337
349,18538337,18545537
350,18545537,18552737
351,18552737,18559937
352,18559937,18567137
353,18567137,18574337
354,18574337,18581537
355,18581537,18588737
356,18588737,18595937
357,18595937,18603137
358,18603137,18610337
359,18610337,18617537
360,18617537,18624737
361,18624737,18631937
362,18631937,18639137
363,18639137,18646337
364,18646337,18653537
365,18653537,18660737
366,18660737,18667937
367,18667937,18675137
368,18675137,18682337
369,18682337,18689537
370,18689537,18696737
371,18696737,18703937
372,18703937,18711137
373,18711137,18718337
374,18718337,18725537
375,18725537,18732737
376,18732737,18739937
377,18739937,18747137
378,18747137,18754337
379,18754337,18761537
380,18761537,18768737
381,18768737,18775937
382,18775937,18783137
383,18783137,18790337
384,18790337,18797537
385,18797537,18804737
386,18804737,18811937
387,18811937,18819137
388,18819137,18826337
389,18826337,18833537
390,18833537,18840737
391,18840737,18847937
392,18847937,18855137
393,18855137,18862337
394,18862337,18869537
395,18869537,18876737
396,18876737,18883937
397,18883937,18891137
398,18891137,18898337
399,18898337,18905537
400,18905537,18912737
401,18912737,18919937
402,18919937,18927137
403,18927137,18934337
404,18934337,18941537
405,18941537,18948737
406,18948737,18955937
407,18955937,18963137
408,18963137,18970337
409,18970337,18977537
410,18977537,18984737
411,18984737,18991937
412,18991937,18999137
413,18999137,19006337
414,19006337,19013537
415,19013537,19020737
416,19020737,19027937
417,19027937,19035137
418,19035137,19042337
419,19042337,19049537
420,19049537,19056737
421,19056737,19063937
422,19063937,19071137
423,19071137,19078337
424,19078337,19085537
425,19085537,19092737
426,19092737,19099937
427,19099937,19107137
428,19107137,19114337
429,19114337,19121537
430,19121537,19128737
431,19128737,19135937
432,19135937,19143137
433,19143137,19150337
434,19150337,19157537
435,19157537,19164737
436,19164737,19171937
437,19171937,19179137
438,19179137,19186337
439,19186337,19193537
440,19193537,19200737
441,19200737,19207937
442,19207937,19215137
443,19215137,19222337
444,19222337,19229537
445,19229537,19236737
446,19236737,19243937
447,19243937,19251137
448,19251137,19258337
449,19258337,19265537
450,19265537,19272737
451,19272737,19279937
452,19279937,19287137
453,19287137,19294337
454,19294337,19301537
455,19301537,19308737
456,19308737,19315937
457,19315937,19323137
458,19323137,19330337
459,19330337,19337537
460,19337537,19344737
461,19344737,19351937
462,19351937,19359137
463,19359137,19366337
464,19366337,19373537
465,19373537,19380737
466,19380737,19387937
467,19387937,19395137
468,19395137,19402337
469,19402337,19409537
470,19409537,19416737
471,19416737,19423937
472,19423937,19431137
473,19431137,19438337
474,19438337,19445537
475,19445537,19452737
476,19452737,19459937
477,19459937,19467137
478,19467137,19474337
479,19474337,19481537
480,19481537,19488737
481,19488737,19495937
482,19495937,19503137
483,19503137,19510337
484,19510337,19517537
485,19517537,19524737
486,19524737,19531937
487,19531937,19539137
488,19539137,19546337
489,19546337,19553537
490,19553537,19560737
491,19560737,19567937
492,19567937,19575137
493,19575137,19582337
494,19582337,19589537
495,19589537,19596737
496,19596737,19603937
497,19603937,19611137
498,19611137,19618337
499,19618337,19625537
500,19625537,19632737
501,19632737,19639937
502,19639937,19647137
503,19647137,19654337
504,19654337,19661537
505,19661537,19668737
506,19668737,19675937
507,19675937,19683137
508,19683137,19690337
509,19690337,19697537
510,19697537,19704737
511,19704737,19711937
512,19711937,19719137
513,19719137,19726337
514,19726337,19733537
515,19733537,19740737
516,19740737,19747937
517,19747937,19755137
518,19755137,19762337
519,19762337,19769537
520,19769537,19776737
521,19776737,19783937
522,19783937,19791137
523,19791137,19798337
524,19798337,19805537
525,19805537,19812737
526,19812737,19819937
527,19819937,19827137
528,19827137,19834337
529,19834337,19841537
530,19841537,19848737
531,19848737,19855937
532,19855937,19863137
533,19863137,19870337
534,19870337,19877537
535,19877537,19884737
536,19884737,19891937
537,19891937,19899137
538,19899137,19906337
539,19906337,19913537
540,19913537,19920737
541,19920737,19927937
542,19927937,19935137
543,19935137,19942337
544,19942337,19949537
545,19949537,19956737
546,19956737,19963937
547,19963937,19971137
548,19971137,19978337
549,19978337,19985537
550,19985537,19992737
551,19992737,19999937
552,19999937,20007137
553,20007137,20014337
554,20014337,20021537
555,20021537,20028737
556,20028737,20035937
557,20035937,20043137
558,20043137,20050337
559,20050337,20057537
560,20057537,20064737
561,20064737,20071937
562,20071937,20079137
563,20079137,20086337
564,20086337,20093537
565,20093537,20100737
566,20100737,20107937
567,20107937,20115137
568,20115137,20122337
569,20122337,20129537
570,20129537,20136737
571,20136737,20143937
572,20143937,20151137
573,20151137,20158337
574,20158337,20165537
575,20165537,20172737
576,20172737,20179937
577,20179937,20187137
578,20187137,20194337
579,20194337,20201537
580,20201537,20208737
581,20208737,20215937
582,20215937,20223137
583,20223137,20230337
584,20230337,20237537
585,20237537,20244737
586,20244737,20251937
587,20251937,20259137
588,20259137,20266337
589,20266337,20273537
590,20273537,20280737
591,20280737,20287937
592,20287937,20295137
593,20295137,20302337
594,20302337,20309537
595,20309537,20316737
596,20316737,20323937
597,20323937,20331137
598,20331137,20338337
599,20338337,20345537
600,20345537,20352737
601,20352737,20359937
602,20359937,20367137
603,20367137,20374337
604,20374337,20381537
605,20381537,20388737
606,20388737,20395937
607,20395937,20403137
608,20403137,20410337
609,20410337,20417537
610,20417537,20424737
611,20424737,20431937
612,20431937,20439137
613,20439137,20446337
614,20446337,20453537
615,20453537,20460737
616,20460737,20467937
617,20467937,20475137
618,20475137,20482337
619,20482337,20489537
620,20489537,20496737
621,20496737,20503937
622,20503937,20511137
623,20511137,20518337
624,20518337,20525537
625,20525537,20532737
626,20532737,20539937
627,20539937,20547137
628,20547137,20554337
629,20554337,20561537
630,20561537,20568737
631,20568737,20575937
632,20575937,20583137
633,20583137,20590337
634,20590337,20597537
635,20597537,20604737
636,20604737,20611937
637,20611937,20619137
638,20619137,20626337
639,20626337,20633537
640,20633537,20640737
641,20640737,20647937
642,20647937,20655137
643,20655137,20662337
644,20662337,20669537
645,20669537,20676737
646,20676737,20683937
